[
    {
        "id": "1",
        "image": "icon-chat.webp",
        "descriptionImage": "Chat Icon",
        "title": "You are our #1 priority",
        "description": "Need to talk to a representative? You can get in touch through our 24/7 chat or through a phone call in less than 5 minutes."
    },
    {
        "id": "2",
        "image": "icon-money.webp",
        "descriptionImage": "Money Icon",
        "title": "More savings means higher rates",
        "description": "The more you save with us, the higher your interest rate will be!"
    },
    {
        "id": "3",
        "image": "icon-security.webp",
        "descriptionImage": "Security Icon",
        "title": "Security you can trust",
        "description": "We use top of the line encryption to make sure your data and money is always safe. "
    }
]